Cluster,customers,avg_income,median_income,avg_spend,median_spend
0,81,55.2962962962963,54.0,49.51851851851852,50.0
1,39,86.53846153846153,79.0,82.12820512820512,83.0
2,22,25.727272727272727,24.5,79.36363636363636,77.0
3,35,88.2,85.0,17.114285714285714,16.0
4,23,26.304347826086957,25.0,20.91304347826087,17.0
